{
  "analysis_date": "2025-08-26T13:30:15.939269",
  "total_questions_completed": 317,
  "total_questions_target": 500,
  "completion_percentage": 63.4,
  "performance_metrics": {
    "local_alone": {
      "correct": 247,
      "incorrect": 71,
      "total": 318,
      "accuracy": 77.67295597484278
    },
    "non_private_cot": {
      "correct": 294,
      "incorrect": 25,
      "total": 319,
      "accuracy": 92.16300940438872
    },
    "phrase_dp_cot": {
      "correct": 266,
      "incorrect": 51,
      "total": 317,
      "accuracy": 83.91167192429022
    },
    "inferdpt_cot": {
      "correct": 225,
      "incorrect": 91,
      "total": 316,
      "accuracy": 71.20253164556962
    },
    "purely_remote": {
      "correct": 283,
      "incorrect": 34,
      "total": 317,
      "accuracy": 89.27444794952682
    }
  },
  "performance_gaps": {
    "cot_aiding_gain": {
      "description": "CoT-Aiding Gain (Non-Private CoT vs Local Alone)",
      "method1": "Local Alone",
      "method2": "Non-Private CoT",
      "accuracy1": 77.67295597484278,
      "accuracy2": 92.16300940438872,
      "difference": 14.490053429545938,
      "percentage_improvement": 18.655210488241323
    },
    "phrase_dp_privacy_cost": {
      "description": "Privacy Cost (Phrase DP vs Non-Private CoT)",
      "method1": "Non-Private CoT",
      "method2": "Phrase DP CoT",
      "accuracy1": 92.16300940438872,
      "accuracy2": 83.91167192429022,
      "difference": -8.251337480098499,
      "percentage_loss": -8.952981823644288
    },
    "inferdpt_privacy_cost": {
      "description": "Privacy Cost (InferDPT vs Non-Private CoT)",
      "method1": "Non-Private CoT",
      "method2": "InferDPT CoT",
      "accuracy1": 92.16300940438872,
      "accuracy2": 71.20253164556962,
      "difference": -20.960477758819096,
      "percentage_loss": -22.74283130973909
    },
    "phrase_vs_inferdpt": {
      "description": "Phrase DP vs InferDPT Performance",
      "method1": "Phrase DP CoT",
      "method2": "InferDPT CoT",
      "accuracy1": 83.91167192429022,
      "accuracy2": 71.20253164556962,
      "difference": 12.709140278720596,
      "percentage_difference": 17.84928145811426
    },
    "remote_vs_local": {
      "description": "Remote vs Local Performance Gap",
      "method1": "Local Alone",
      "method2": "Purely Remote",
      "accuracy1": 77.67295597484278,
      "accuracy2": 89.27444794952682,
      "difference": 11.601491974684038,
      "percentage_improvement": 14.93633379736649
    }
  },
  "scenario_names": {
    "local_alone": "1. Purely Local Model (Baseline)",
    "non_private_cot": "2. Non-Private Local + Remote CoT",
    "phrase_dp_cot": "3.1. Private Local + CoT (Phrase DP)",
    "inferdpt_cot": "3.2. Private Local + CoT (InferDPT)",
    "purely_remote": "4. Purely Remote Model"
  }
}