{
  "dataset": "Professional Medicine",
  "statistics": {
    "total_questions": 272,
    "s1_accuracy": 79.77941176470588,
    "s2_accuracy": 89.33823529411765,
    "s3_accuracy": 97.05882352941177
  },
  "set_sizes": {
    "s1_local": 217,
    "s2_local_cot": 243,
    "s3_remote": 264
  },
  "overlap_counts": {
    "all_three": 205,
    "s1_only": 5,
    "s2_only": 0,
    "s3_only": 14,
    "s1_s2_only": 0,
    "s1_s3_only": 7,
    "s2_s3_only": 38,
    "all_fail": 3
  },
  "key_set_counts": {
    "s1_minus_s2": 12,
    "s2_minus_s3": 0
  },
  "key_set_indices": {
    "s1_minus_s2": [
      21,
      29,
      36,
      37,
      54,
      90,
      158,
      183,
      202,
      213,
      215,
      233
    ],
    "s2_minus_s3": []
  }
}