{
  "evaluation_date": "2025-09-18T21:49:49.008901",
  "evaluation_method": "Unified Sentence-Level GPT Inference Attack",
  "methods_evaluated": [
    "phrase_dp",
    "inferdpt"
  ],
  "results": {
    "phrase_dp": {
      "similarities": [
        0.7415543794631958,
        0.6609280109405518,
        0.7625747919082642,
        0.7577446699142456,
        0.5969692468643188,
        0.7251397371292114,
        0.781000018119812,
        0.7346056699752808,
        0.6230974197387695,
        0.8117461800575256
      ],
      "privacy_level": 0.2804639935493469
    },
    "inferdpt": {
      "similarities": [
        -0.08681704103946686,
        0.2964228093624115,
        0.13397511839866638,
        0.3055136203765869,
        0.22331656515598297,
        0.05452459305524826,
        0.2110450267791748,
        0.0774020329117775,
        0.18271520733833313,
        0.2157278060913086
      ],
      "privacy_level": 0.8386174440383911
    }
  },
  "comparison": {
    "phrase_dp_better": 